{"is_source_file": false, "format": "", "description": "", "external_files": [], "external_methods": [], "published": [], "classes": [], "methods": [], "calls": [], "search-terms": [], "state": 2, "file_id": 12, "knowledge_revision": 19, "git_revision": "7eea68e9a1c56248310881b539a31ff21124a81a", "hash": "32709d4ca85f5c67b85f8a6964ac0668", "format-version": 4, "code-base-name": "tic_tac_toe_frontend", "filename": "README.md", "revision_history": [{"19": "7eea68e9a1c56248310881b539a31ff21124a81a"}]}