{"is_source_file": true, "format": "JavaScript (React JSX)", "description": "This file defines the main React component for the application's frontend, managing theme switching between light and dark modes and rendering the primary UI elements.", "external_files": ["./logo.svg", "./App.css"], "external_methods": [], "published": ["App"], "classes": [], "methods": [{"name": "App()", "description": "React functional component that manages theme state and renders the application's main UI.", "scope": "", "scopeKind": ""}, {"name": "toggleTheme", "description": "Function that toggles the application's theme between 'light' and 'dark'."}], "calls": ["useState", "useEffect", "document.documentElement.setAttribute", "setTheme", "prevTheme => prevTheme === 'light' ? 'dark' : 'light'", "document.createElement", "document.getElementById"], "search-terms": ["React component", "theme toggle", "useState", "useEffect", "App.js"], "state": 2, "file_id": 8, "knowledge_revision": 25, "git_revision": "3dd7486805a8931d5b8072bbed0eafb028beab2b", "ctags": [{"_type": "tag", "name": "App", "path": "/home/kavia/workspace/code-generation/tic-tac-toe-classic-304525-304733/tic_tac_toe_frontend/src/App.js", "pattern": "/^function App() {$/", "language": "JavaScript", "kind": "function", "signature": "()"}, {"_type": "tag", "name": "Switch to ${theme === 'light' ? 'dark' : 'light'} mode", "path": "/home/kavia/workspace/code-generation/tic-tac-toe-classic-304525-304733/tic_tac_toe_frontend/src/App.js", "pattern": "/^          aria-label={`Switch to ${theme === 'light' ? 'dark' : 'light'} mode`}$/", "language": "JavaScript", "kind": "field", "scope": "App.aria", "scopeKind": "class"}, {"_type": "tag", "name": "toggleTheme", "path": "/home/kavia/workspace/code-generation/tic-tac-toe-classic-304525-304733/tic_tac_toe_frontend/src/App.js", "pattern": "/^          onClick={toggleTheme}$/", "language": "JavaScript", "kind": "field", "scope": "App.onClick", "scopeKind": "class"}], "hash": "b55dd9e6a018e59207d8e277dffd9e11", "format-version": 4, "code-base-name": "tic_tac_toe_frontend", "filename": "tic_tac_toe_frontend/src/App.js", "fields": [{"name": "aria-label={`Switch to ${theme === 'light' ? 'dark' : 'light'} mode`}", "scope": "App.aria", "scopeKind": "class", "description": "unavailable"}, {"name": "onClick={toggleTheme}", "scope": "App.onClick", "scopeKind": "class", "description": "unavailable"}], "revision_history": [{"25": "3dd7486805a8931d5b8072bbed0eafb028beab2b"}]}