{"is_source_file": false, "format": "", "description": "", "external_files": [], "external_methods": [], "published": [], "classes": [], "methods": [], "calls": [], "search-terms": ["CSS Variables", "Theme Management", ":root", "dark mode", "light theme", "CSS", "responsive design"], "state": 2, "file_id": 10, "knowledge_revision": 21, "git_revision": "3dd7486805a8931d5b8072bbed0eafb028beab2b", "hash": "22f9e17cc1848b56dbb244518ac2707e", "format-version": 4, "code-base-name": "tic_tac_toe_frontend", "filename": "tic_tac_toe_frontend/src/App.css", "revision_history": [{"21": "3dd7486805a8931d5b8072bbed0eafb028beab2b"}]}