{"is_source_file": false, "format": "", "description": "", "external_files": [], "external_methods": [], "published": [], "classes": [], "methods": [], "calls": [], "search-terms": [], "state": 2, "file_id": 4, "knowledge_revision": 14, "git_revision": "3dd7486805a8931d5b8072bbed0eafb028beab2b", "hash": "ebece526bc2eadd78ddd787a76c56607", "format-version": 4, "code-base-name": "tic_tac_toe_frontend", "filename": "tic_tac_toe_frontend/README.md", "revision_history": [{"14": "3dd7486805a8931d5b8072bbed0eafb028beab2b"}]}