{"is_source_file": true, "format": "JavaScript/React JSX", "description": "This file initializes the React application by rendering the 'App' component into the DOM element with id 'root'. It sets up ReactDOM's createRoot and wraps the 'App' component within React.StrictMode for development best practices.", "external_files": ["./App", "./index.css"], "external_methods": ["ReactDOM.createRoot", "root.render"], "published": [], "classes": [], "methods": ["ReactDOM.createRoot", "root.render"], "calls": ["ReactDOM.createRoot", "root.render"], "search-terms": ["React", "ReactDOM", "index.js", "render", "App", "entry point"], "state": 2, "file_id": 6, "knowledge_revision": 22, "git_revision": "3dd7486805a8931d5b8072bbed0eafb028beab2b", "ctags": [{"_type": "tag", "name": "root", "path": "/home/kavia/workspace/code-generation/tic-tac-toe-classic-304525-304733/tic_tac_toe_frontend/src/index.js", "pattern": "/^const root = ReactDOM.createRoot(document.getElementById('root'));$/", "language": "JavaScript", "kind": "constant"}], "hash": "9fc5841375336fc175b49f8767a11383", "format-version": 4, "code-base-name": "tic_tac_toe_frontend", "filename": "tic_tac_toe_frontend/src/index.js", "revision_history": [{"22": "3dd7486805a8931d5b8072bbed0eafb028beab2b"}]}